Year,Month,ProductName,Product_Code,Price,Lag_1,Lag_2,Predicted_Units,Recommended_Inventory,Risk
2026,1,AXIFER,0,1062.5,1,3.0,211.30574668041982,264.13218335052477,Overstock
2026,2,AXIFER,0,1062.5,1,3.0,317.3306196957791,396.6632746197239,Overstock
2026,3,AXIFER,0,1062.5,1,3.0,383.3872359328371,479.23404491604634,Overstock
2026,4,AXIFER,0,1062.5,1,3.0,-66.28901397727334,-82.86126747159167,Overstock
2026,1,Actiflor,1,1990711.305,3150,3098.0,3704.9175455375807,4631.146931921976,Overstock
2026,2,Actiflor,1,1990711.305,3150,3098.0,3493.9357408550654,4367.419676068832,Overstock
2026,3,Actiflor,1,1990711.305,3150,3098.0,3559.992357092124,4449.990446365156,Overstock
2026,4,Actiflor,1,1990711.305,3150,3098.0,3007.042449516934,3758.8030618961675,Overstock
2026,1,Actnise,2,4039627.61929994,12287,9247.0,11752.672973073726,14690.841216342158,Stock-out
2026,2,Actnise,2,4039627.61929994,12287,9247.0,11216.11156872588,14020.13946090735,Stable
2026,3,Actnise,2,4039627.61929994,12287,9247.0,11282.16818496294,14102.710231203675,Stock-out
2026,4,Actnise,2,4039627.61929994,12287,9247.0,10729.218277387747,13411.522846734682,Stable
2026,1,Ad Folic,3,12142220.1783025,31418,29141.0,30660.362704849395,38325.45338106174,Stable
2026,2,Ad Folic,3,12142220.1783025,31418,29141.0,29063.109558981418,36328.88694872677,Stable
2026,3,Ad Folic,3,12142220.1783025,31418,29141.0,29129.166175218474,36411.45771902309,Stable
2026,4,Ad Folic,3,12142220.1783025,31418,29141.0,28576.21626764329,35720.27033455411,Stable
2026,1,Ad Folic OD,4,23959308.8085009,45966,43085.0,47407.95682952093,59259.946036901165,Stable
2026,2,Ad Folic OD,4,23959308.8085009,45966,43085.0,45236.017052086085,56545.0213151076,Stable
2026,3,Ad Folic OD,4,23959308.8085009,45966,43085.0,45302.07366832314,56627.59208540392,Stable
2026,4,Ad Folic OD,4,23959308.8085009,45966,43085.0,43799.585277007536,54749.48159625942,Stable
2026,1,Ad-D Chewable,5,643489.817000002,2392,2306.0,1884.90913901928,2356.1364237741,Stable
2026,2,Ad-D Chewable,5,643489.817000002,2392,2306.0,1673.9273343367643,2092.4091679209555,Stable
2026,3,Ad-D Chewable,5,643489.817000002,2392,2306.0,1739.9839505738225,2174.9799382172782,Stable
2026,4,Ad-D Chewable,5,643489.817000002,2392,2306.0,1187.0340429986331,1483.7925537482915,Overstock
2026,1,Agoviz,6,4148578.78200004,5872,5412.0,6184.245038424653,7730.306298030817,Stable
2026,2,Agoviz,6,4148578.78200004,5872,5412.0,5973.263233742138,7466.579042177673,Stable
2026,3,Agoviz,6,4148578.78200004,5872,5412.0,6039.319849979196,7549.149812473996,Stable
2026,4,Agoviz,6,4148578.78200004,5872,5412.0,5486.369942404007,6857.962428005008,Stable
2026,1,Aircare,7,871.8,2,4.0,211.30574668041982,264.13218335052477,Overstock
2026,2,Aircare,7,871.8,2,4.0,317.3306196957791,396.6632746197239,Overstock
2026,3,Aircare,7,871.8,2,4.0,383.3872359328371,479.23404491604634,Overstock
2026,4,Aircare,7,871.8,2,4.0,-66.28901397727334,-82.86126747159167,Overstock
2026,1,Aircare Plus,8,2285458.75229998,6022,3438.0,5891.042797450465,7363.8034968130805,Stock-out
2026,2,Aircare Plus,8,2285458.75229998,6022,3438.0,5680.06099276795,7100.076240959937,Stock-out
2026,3,Aircare Plus,8,2285458.75229998,6022,3438.0,5746.117609005008,7182.647011256259,Stock-out
2026,4,Aircare Plus,8,2285458.75229998,6022,3438.0,5193.167701429818,6491.459626787273,Stock-out
2026,1,Aireez,9,19805139.9270001,35563,34925.0,37374.12801545203,46717.66001931504,Stock-out
2026,2,Aireez,9,19805139.9270001,35563,34925.0,35711.85636025468,44639.82045031835,Stock-out
2026,3,Aireez,9,19805139.9270001,35563,34925.0,35777.91297649173,44722.39122061466,Stock-out
2026,4,Aireez,9,19805139.9270001,35563,34925.0,35224.96306891654,44031.20383614568,Stock-out
2026,1,Anex-M,10,684955.979399993,2069,2634.0,1669.3029257500516,2086.6286571875644,Overstock
2026,2,Anex-M,10,684955.979399993,2069,2634.0,1458.3211210675358,1822.90140133442,Overstock
2026,3,Anex-M,10,684955.979399993,2069,2634.0,1524.3777373045941,1905.4721716307427,Overstock
2026,4,Anex-M,10,684955.979399993,2069,2634.0,971.4278297294048,1214.284787161756,Overstock
2026,1,Anplag,11,48190071.6575,34970,30429.0,38112.152760061006,47640.190950076256,Stock-out
2026,2,Anplag,11,48190071.6575,34970,30429.0,33954.01747730797,42442.52184663496,Stock-out
2026,3,Anplag,11,48190071.6575,34970,30429.0,34020.07409354502,42525.09261693128,Stock-out
2026,4,Anplag,11,48190071.6575,34970,30429.0,33467.124185969835,41833.90523246229,Stock-out
2026,1,Arbi,12,4474976.5383,13152,11304.0,12063.613797362901,15079.517246703626,Stable
2026,2,Arbi,12,4474976.5383,13152,11304.0,11527.052393015056,14408.815491268819,Stable
2026,3,Arbi,12,4474976.5383,13152,11304.0,11593.109009252115,14491.386261565145,Stable
2026,4,Arbi,12,4474976.5383,13152,11304.0,11040.159101676922,13800.198877096153,Stable
2026,1,Arbi-A,13,1275002.03269999,4955,3159.0,3818.870302124319,4773.587877655399,Stable
2026,2,Arbi-A,13,1275002.03269999,4955,3159.0,3607.888497441804,4509.860621802255,Stable
2026,3,Arbi-A,13,1275002.03269999,4955,3159.0,3673.9451136788625,4592.431392098578,Stable
2026,4,Arbi-A,13,1275002.03269999,4955,3159.0,3120.9952061036724,3901.2440076295907,Stable
2026,1,Arbi-D,14,10458256.7859999,23410,21172.0,22361.410947371573,27951.763684214464,Stable
2026,2,Arbi-D,14,10458256.7859999,23410,21172.0,22070.327623134952,27587.909528918688,Stable
2026,3,Arbi-D,14,10458256.7859999,23410,21172.0,22136.384239372008,27670.48029921501,Stable
2026,4,Arbi-D,14,10458256.7859999,23410,21172.0,21583.434331796823,26979.29291474603,Stable
2026,1,Avsar,15,177073968.997945,390269,351403.0,376570.042235108,470712.552793885,Stable
2026,2,Avsar,15,177073968.997945,390269,351403.0,371529.12404764997,464411.4050595625,Stable
2026,3,Avsar,15,177073968.997945,390269,351403.0,372409.3210255627,465511.6512819534,Stable
2026,4,Avsar,15,177073968.997945,390269,351403.0,362055.27520221914,452569.0940027739,Stable
2026,1,Avsar Plus,16,57366461.5394069,131366,118677.0,129049.1854628502,161311.48182856274,Stock-out
2026,2,Avsar Plus,16,57366461.5394069,131366,118677.0,133589.734548784,166987.16818598,Stock-out
2026,3,Avsar Plus,16,57366461.5394069,131366,118677.0,134140.52043233445,167675.65054041805,Stock-out
2026,4,Avsar Plus,16,57366461.5394069,131366,118677.0,130839.52506853227,163549.40633566532,Stock-out
2026,1,Azliv,17,784.45,5,1.0,211.30574668041982,264.13218335052477,Overstock
2026,2,Azliv,17,784.45,5,1.0,317.3306196957791,396.6632746197239,Overstock
2026,3,Azliv,17,784.45,5,1.0,383.3872359328371,479.23404491604634,Overstock
2026,4,Azliv,17,784.45,5,1.0,-66.28901397727334,-82.86126747159167,Overstock
2026,1,BD PEN NEEDLE,18,2638975.8297,118126,292336.0,183803.6712442228,229754.58905527848,Stock-out
2026,2,BD PEN NEEDLE,18,2638975.8297,118126,292336.0,183462.19150989514,229327.73938736893,Stock-out
2026,3,BD PEN NEEDLE,18,2638975.8297,118126,292336.0,184097.22072809184,230121.5259101148,Stock-out
2026,4,BD PEN NEEDLE,18,2638975.8297,118126,292336.0,180246.03117907155,225307.53897383943,Stock-out
2026,1,BD SYRINGE - BAG,19,64178278.2944993,1866934,1581470.0,1867151.4661903295,2333939.332737912,Stable
2026,2,BD SYRINGE - BAG,19,64178278.2944993,1866934,1581470.0,1866661.8974992177,2333327.3718740223,Stable
2026,3,BD SYRINGE - BAG,19,64178278.2944993,1866934,1581470.0,1867857.6309053004,2334822.0386316255,Stable
2026,4,BD SYRINGE - BAG,19,64178278.2944993,1866934,1581470.0,1865628.1910903058,2332035.2388628824,Stable
2026,1,Bempion,21,863332.76,2084,2265.0,2123.8889761614078,2654.86122020176,Stable
2026,2,Bempion,21,863332.76,2084,2265.0,1912.9071714788915,2391.1339643486144,Stable
2026,3,Bempion,21,863332.76,2084,2265.0,1978.9637877159498,2473.704734644937,Stable
2026,4,Bempion,21,863332.76,2084,2265.0,1426.0138801407609,1782.5173501759512,Stable
2026,1,Busonide,22,18803221.4582981,44366,39181.0,46321.263432713815,57901.57929089227,Stock-out
2026,2,Busonide,22,18803221.4582981,44366,39181.0,44441.80402234455,55552.25502793069,Stock-out
2026,3,Busonide,22,18803221.4582981,44366,39181.0,44507.8606385816,55634.825798227,Stock-out
2026,4,Busonide,22,18803221.4582981,44366,39181.0,43678.93675762302,54598.670947028775,Stock-out
2026,1,Byvas,23,35340704.4299948,125328,112985.0,144564.99650898814,180706.24563623517,Stock-out
2026,2,Byvas,23,35340704.4299948,125328,112985.0,141760.2752683458,177200.34408543227,Stock-out
2026,3,Byvas,23,35340704.4299948,125328,112985.0,141930.8174866509,177413.52185831362,Stock-out
2026,4,Byvas,23,35340704.4299948,125328,112985.0,139303.3866332058,174129.23329150726,Stock-out
2026,1,Dapwiz,26,7085005.765,24888,22971.0,23933.2700474144,29916.587559268002,Stable
2026,2,Dapwiz,26,7085005.765,24888,22971.0,23642.18672317778,29552.733403972226,Stable
2026,3,Dapwiz,26,7085005.765,24888,22971.0,23708.243339414836,29635.304174268545,Stable
2026,4,Dapwiz,26,7085005.765,24888,22971.0,23155.29343183965,28944.116789799562,Stable
2026,1,Dapwiz Plus XR,27,3191428.28250004,7101,7161.0,7907.080158311393,9883.85019788924,Stable
2026,2,Dapwiz Plus XR,27,3191428.28250004,7101,7161.0,7696.098353628878,9620.122942036098,Stable
2026,3,Dapwiz Plus XR,27,3191428.28250004,7101,7161.0,7762.1549698659355,9702.693712332419,Stable
2026,4,Dapwiz Plus XR,27,3191428.28250004,7101,7161.0,7209.205062290746,9011.506327863433,Stable
2026,1,Dipof,28,2491295.82709997,10941,9504.0,9942.035290232834,12427.544112791042,Stable
2026,2,Dipof,28,2491295.82709997,10941,9504.0,9705.093619455212,12131.367024319015,Stable
2026,3,Dipof,28,2491295.82709997,10941,9504.0,9771.150235692272,12213.93779461534,Stable
2026,4,Dipof,28,2491295.82709997,10941,9504.0,9218.200328117078,11522.750410146347,Stable
2026,1,Diu Tansin,29,2027827.99999992,9906,8895.0,9638.562651470922,12048.203314338652,Stable
2026,2,Diu Tansin,29,2027827.99999992,9906,8895.0,9401.6209806933,11752.026225866626,Stable
2026,3,Diu Tansin,29,2027827.99999992,9906,8895.0,9467.67759693036,11834.596996162949,Stable
2026,4,Diu Tansin,29,2027827.99999992,9906,8895.0,8914.727689355166,11143.409611693958,Stable
2026,1,Duzalta,30,19598019.7115981,33684,31497.0,34808.14551950452,43510.18189938065,Stable
2026,2,Duzalta,30,19598019.7115981,33684,31497.0,32927.86480063552,41159.8310007944,Stable
2026,3,Duzalta,30,19598019.7115981,33684,31497.0,32993.921416872574,41242.40177109072,Stable
2026,4,Duzalta,30,19598019.7115981,33684,31497.0,32440.97150929738,40551.21438662172,Stable
2026,1,Eglaro,31,277819.7288,699,627.0,790.9331800467029,988.6664750583786,Stable
2026,2,Eglaro,31,277819.7288,699,627.0,660.0877373568388,825.1096716960485,Stable
2026,3,Eglaro,31,277819.7288,699,627.0,726.1443535938969,907.6804419923711,Stable
2026,4,Eglaro,31,277819.7288,699,627.0,276.4681036837865,345.58512960473314,Overstock
2026,1,Eglaro-S,32,11278355.055,17531,16524.0,17693.917519180828,22117.396898976036,Stock-out
2026,2,Eglaro-S,32,11278355.055,17531,16524.0,16934.803514161515,21168.504392701892,Stock-out
2026,3,Eglaro-S,32,11278355.055,17531,16524.0,17000.86013039857,21251.07516299821,Stock-out
2026,4,Eglaro-S,32,11278355.055,17531,16524.0,16447.910222823386,20559.88777852923,Stock-out
2026,1,Erli,33,22973942.075598,56369,52091.0,54469.35053082299,68086.68816352873,Stock-out
2026,2,Erli,33,22973942.075598,56369,52091.0,52255.530406973885,65319.413008717354,Stock-out
2026,3,Erli,33,22973942.075598,56369,52091.0,52363.46736962519,65454.33421203149,Stock-out
2026,4,Erli,33,22973942.075598,56369,52091.0,51374.56889451141,64218.21111813926,Stock-out
2026,1,Erli Plus,34,14111209.2804999,44669,40950.0,44839.016549730644,56048.770687163305,Stock-out
2026,2,Erli Plus,34,14111209.2804999,44669,40950.0,42959.55713936138,53699.44642420173,Stock-out
2026,3,Erli Plus,34,14111209.2804999,44669,40950.0,43025.61375559843,53782.01719449804,Stock-out
2026,4,Erli Plus,34,14111209.2804999,44669,40950.0,42196.68987463985,52745.862343299814,Stock-out
2026,1,Erli Plus XR,35,15686336.8539994,29870,27645.0,29510.822990707653,36888.528738384564,Stable
2026,2,Erli Plus XR,35,15686336.8539994,29870,27645.0,28092.212200068927,35115.26525008616,Stable
2026,3,Erli Plus XR,35,15686336.8539994,29870,27645.0,28158.268816305983,35197.83602038248,Stable
2026,4,Erli Plus XR,35,15686336.8539994,29870,27645.0,27605.3189087308,34506.6486359135,Stable
2026,1,Erlina,36,28032001.9979964,48241,44265.0,50844.96654766898,63556.20818458622,Stock-out
2026,2,Erlina,36,28032001.9979964,48241,44265.0,47675.8754943195,59594.84436789938,Stock-out
2026,3,Erlina,36,28032001.9979964,48241,44265.0,47783.81245697081,59729.76557121351,Stock-out
2026,4,Erlina,36,28032001.9979964,48241,44265.0,46954.88857601223,58693.610720015284,Stock-out
2026,1,Erlina Plus XR,37,6373911.31499986,22981,21139.0,22519.650765187984,28149.56345648498,Stock-out
2026,2,Erlina Plus XR,37,6373911.31499986,22981,21139.0,22228.567440951363,27785.709301189203,Stock-out
2026,3,Erlina Plus XR,37,6373911.31499986,22981,21139.0,22294.62405718842,27868.280071485526,Stock-out
2026,4,Erlina Plus XR,37,6373911.31499986,22981,21139.0,21741.674149613234,27177.092687016542,Stock-out
2026,1,Estar,38,58462403.8498109,156414,143414.0,149484.14105872178,186855.17632340224,Stable
2026,2,Estar,38,58462403.8498109,156414,143414.0,154024.6901446556,192530.86268081947,Stable
2026,3,Estar,38,58462403.8498109,156414,143414.0,154575.47602820603,193219.34503525755,Stable
2026,4,Estar,38,58462403.8498109,156414,143414.0,151948.04517476095,189935.0564684512,Stable
2026,1,Evo Joshanda,39,22440.0,44,74.0,-8.698591334085965,-10.873239167607455,Overstock
2026,2,Evo Joshanda,39,22440.0,44,74.0,131.55747270680328,164.4468408835041,Overstock
2026,3,Evo Joshanda,39,22440.0,44,74.0,197.61408894386125,247.01761117982656,Overstock
2026,4,Evo Joshanda,39,22440.0,44,74.0,-252.062160966249,-315.07770120781123,Overstock
2026,1,EvoCheck,40,19036141.1684,8530,12314.0,11425.46621021433,14281.832762767914,Stable
2026,2,EvoCheck,40,19036141.1684,8530,12314.0,11345.578062162567,14181.972577703209,Stable
2026,3,EvoCheck,40,19036141.1684,8530,12314.0,11411.634678399627,14264.543347999534,Stable
2026,4,EvoCheck,40,19036141.1684,8530,12314.0,10858.684770824433,13573.355963530541,Stable
2026,1,EvoCheck Go,41,17810847.4001998,11940,14582.0,13654.87072114585,17068.588401432313,Stock-out
2026,2,EvoCheck Go,41,17810847.4001998,11940,14582.0,13190.179561317285,16487.724451646605,Stock-out
2026,3,EvoCheck Go,41,17810847.4001998,11940,14582.0,13256.236177554345,16570.29522194293,Stock-out
2026,4,EvoCheck Go,41,17810847.4001998,11940,14582.0,12703.286269979151,15879.107837473939,Stock-out
2026,1,Evofix,43,4064835.66,6022,6445.0,6543.4567615140795,8179.3209518926,Overstock
2026,2,Evofix,43,4064835.66,6022,6445.0,6404.345201350845,8005.431501688556,Overstock
2026,3,Evofix,43,4064835.66,6022,6445.0,6470.401817587903,8088.0022719848785,Overstock
2026,4,Evofix,43,4064835.66,6022,6445.0,5917.451910012714,7396.814887515892,Overstock
2026,1,Evokalm,44,10836561.7334005,40553,34733.0,38733.76210265731,48417.20262832164,Stable
2026,2,Evokalm,44,10836561.7334005,40553,34733.0,37071.49044745996,46339.363059324955,Stable
2026,3,Evokalm,44,10836561.7334005,40553,34733.0,37137.54706369701,46421.933829621266,Stable
2026,4,Evokalm,44,10836561.7334005,40553,34733.0,36584.597156121825,45730.74644515228,Stable
2026,1,Evokalm XR,45,2517507.135,4344,3659.0,4498.497069889601,5623.121337362001,Stable
2026,2,Evokalm XR,45,2517507.135,4344,3659.0,4359.385509726367,5449.231887157958,Stable
2026,3,Evokalm XR,45,2517507.135,4344,3659.0,4425.442125963425,5531.802657454281,Stable
2026,4,Evokalm XR,45,2517507.135,4344,3659.0,3872.492218388233,4840.615272985291,Stable
2026,1,Evopravir,46,5737.5,3,2.0,57.16960867045126,71.46201083806407,Stock-out
2026,2,Evopravir,46,5737.5,3,2.0,197.42567271134052,246.78209088917566,Stock-out
2026,3,Evopravir,46,5737.5,3,2.0,263.4822889483985,329.3528611854981,Stock-out
2026,4,Evopravir,46,5737.5,3,2.0,-186.19396096171175,-232.7424512021397,Overstock
2026,1,Evopride,47,14249547.2829975,26659,26809.0,28046.350542167198,35057.938177708995,Stable
2026,2,Evopride,47,14249547.2829975,26659,26809.0,26665.37880502222,33331.723506277776,Stable
2026,3,Evopride,47,14249547.2829975,26659,26809.0,26731.435421259277,33414.294276574095,Stable
2026,4,Evopride,47,14249547.2829975,26659,26809.0,26178.485513684092,32723.106892105116,Stable
2026,1,Evopride Plus,48,23105010.3829039,55152,51286.0,54237.610172562476,67797.0127157031,Stable
2026,2,Evopride Plus,48,23105010.3829039,55152,51286.0,52023.790048713374,65029.73756089172,Stable
2026,3,Evopride Plus,48,23105010.3829039,55152,51286.0,52131.72701136468,65164.65876420585,Stable
2026,4,Evopride Plus,48,23105010.3829039,55152,51286.0,51142.8285362509,63928.53567031362,Stable
2026,1,Fasteso,50,3270472.99310002,9632,9580.0,9800.389874497854,12250.487343122317,Stable
2026,2,Fasteso,50,3270472.99310002,9632,9580.0,9635.318448239514,12044.148060299392,Stable
2026,3,Fasteso,50,3270472.99310002,9632,9580.0,9701.375064476573,12126.718830595717,Stable
2026,4,Fasteso,50,3270472.99310002,9632,9580.0,9148.42515690138,11435.531446126724,Stable
2026,1,Femova,51,16802978.8629992,15680,15681.0,15563.659432084758,19454.57429010595,Stable
2026,2,Femova,51,16802978.8629992,15680,15681.0,14999.782797850226,18749.728497312783,Stable
2026,3,Femova,51,16802978.8629992,15680,15681.0,15065.839414087286,18832.29926760911,Stable
2026,4,Femova,51,16802978.8629992,15680,15681.0,14512.889506512092,18141.111883140115,Stable
2026,1,Ferfer,52,19441697.679899,25884,26673.0,28423.73455972765,35529.668199659565,Stable
2026,2,Ferfer,52,19441697.679899,25884,26673.0,27800.91127525458,34751.139094068225,Stable
2026,3,Ferfer,52,19441697.679899,25884,26673.0,27866.967891491637,34833.709864364544,Stable
2026,4,Ferfer,52,19441697.679899,25884,26673.0,27314.017983916452,34142.52247989557,Stable
2026,1,Ferfer Gro,53,421.32,1,4.0,57.16960867045126,71.46201083806407,Overstock
2026,2,Ferfer Gro,53,421.32,1,4.0,197.42567271134052,246.78209088917566,Overstock
2026,3,Ferfer Gro,53,421.32,1,4.0,263.4822889483985,329.3528611854981,Overstock
2026,4,Ferfer Gro,53,421.32,1,4.0,-186.19396096171175,-232.7424512021397,Overstock
2026,1,Finno-Q,54,2781740.84150003,5535,5895.0,5421.23348983219,6776.541862290237,Stable
2026,2,Finno-Q,54,2781740.84150003,5535,5895.0,5282.121929668955,6602.652412086194,Stable
2026,3,Finno-Q,54,2781740.84150003,5535,5895.0,5348.178545906013,6685.223182382516,Stable
2026,4,Finno-Q,54,2781740.84150003,5535,5895.0,4795.228638330824,5994.03579791353,Stable
2026,1,Forsonide,55,413297.88,769,938.0,833.4946529665435,1041.8683162081793,Stable
2026,2,Forsonide,55,413297.88,769,938.0,694.3830928033082,867.9788660041352,Overstock
2026,3,Forsonide,55,413297.88,769,938.0,760.4397090403662,950.5496363004578,Stable
2026,4,Forsonide,55,413297.88,769,938.0,207.48980146517638,259.3622518314705,Overstock
2026,1,Galvecta,56,586980.93,1731,1595.0,1384.6407031507956,1730.8008789384944,Overstock
2026,2,Galvecta,56,586980.93,1731,1595.0,1245.5291429875601,1556.91142873445,Overstock
2026,3,Galvecta,56,586980.93,1731,1595.0,1311.5857592246184,1639.482199030773,Overstock
2026,4,Galvecta,56,586980.93,1731,1595.0,758.6358516494298,948.2948145617872,Overstock
2026,1,Galvecta Plus,57,7024320.1,13971,11939.0,12381.193116488994,15476.491395611243,Stable
2026,2,Galvecta Plus,57,7024320.1,13971,11939.0,11916.50195666043,14895.627445825538,Stable
2026,3,Galvecta Plus,57,7024320.1,13971,11939.0,11982.55857289749,14978.198216121862,Stable
2026,4,Galvecta Plus,57,7024320.1,13971,11939.0,11429.608665322296,14287.01083165287,Overstock
2026,1,Gouric,58,87199428.7200001,145388,145217.0,154555.9054220113,193194.88177751412,Stable
2026,2,Gouric,58,87199428.7200001,145388,145217.0,154103.17095193316,192628.96368991645,Stable
2026,3,Gouric,58,87199428.7200001,145388,145217.0,155321.65219670726,194152.06524588406,Stable
2026,4,Gouric,58,87199428.7200001,145388,145217.0,151030.4067099928,188788.008387491,Stable
2026,1,Histalis,60,2740114.145,14903,15503.0,14529.004258846571,18161.255323558213,Stock-out
2026,2,Histalis,60,2740114.145,14903,15503.0,13907.44129031231,17384.301612890387,Stable
2026,3,Histalis,60,2740114.145,14903,15503.0,13973.49790654937,17466.872383186714,Stable
2026,4,Histalis,60,2740114.145,14903,15503.0,13420.547998974176,16775.68499871772,Stable
2026,1,IBANDRO,61,446.25,1,1.0,26.57702478677635,33.221280983470436,Stock-out
2026,2,IBANDRO,61,446.25,1,1.0,166.83308882766568,208.5413610345821,Stock-out
2026,3,IBANDRO,61,446.25,1,1.0,232.8897050647236,291.1121313309045,Stock-out
2026,4,IBANDRO,61,446.25,1,1.0,-216.78654484538683,-270.98318105673354,Overstock
2026,1,Inosita,62,15411532.5799989,14869,13930.0,14794.962504903271,18493.70313112909,Stable
2026,2,Inosita,62,15411532.5799989,14869,13930.0,14330.271345074707,17912.839181343385,Stable
2026,3,Inosita,62,15411532.5799989,14869,13930.0,14396.327961311767,17995.409951639707,Stable
2026,4,Inosita,62,15411532.5799989,14869,13930.0,13843.378053736573,17304.222567170717,Stable
2026,1,Inosita Plus,63,144340194.26851,161561,153165.0,155277.011473468,194096.26434183502,Stable
2026,2,Inosita Plus,63,144340194.26851,161561,153165.0,154416.10542943273,193020.1317867909,Stable
2026,3,Inosita Plus,63,144340194.26851,161561,153165.0,155634.58667420683,194543.23334275855,Stable
2026,4,Inosita Plus,63,144340194.26851,161561,153165.0,150279.11042794178,187848.88803492722,Stable
2026,1,Iprazyme,64,2729445.285,5643,2091.0,5025.8449285497445,6282.306160687181,Stock-out
2026,2,Iprazyme,64,2729445.285,5643,2091.0,4886.73336838651,6108.416710483138,Stock-out
2026,3,Iprazyme,64,2729445.285,5643,2091.0,4952.789984623568,6190.9874807794595,Stock-out
2026,4,Iprazyme,64,2729445.285,5643,2091.0,4399.840077048379,5499.800096310473,Stock-out
2026,1,Iprazyme-S,65,4167082.5,7054,3315.0,6768.230177528386,8460.287721910483,Stock-out
2026,2,Iprazyme-S,65,4167082.5,7054,3315.0,6629.118617365151,8286.39827170644,Stable
2026,3,Iprazyme-S,65,4167082.5,7054,3315.0,6695.175233602209,8368.969042002762,Stable
2026,4,Iprazyme-S,65,4167082.5,7054,3315.0,6142.22532602702,7677.781657533775,Stable
2026,1,Itipso,66,2442425.7,13093,12627.0,13035.706867628393,16294.633584535492,Stable
2026,2,Itipso,66,2442425.7,13093,12627.0,12414.143899094131,15517.679873867664,Stable
2026,3,Itipso,66,2442425.7,13093,12627.0,12480.200515331191,15600.250644163989,Stable
2026,4,Itipso,66,2442425.7,13093,12627.0,11927.250607755997,14909.063259694996,Stable
2026,1,Ivadin,67,8211.0,23,23.0,26.57702478677635,33.221280983470436,Overstock
2026,2,Ivadin,67,8211.0,23,23.0,166.83308882766568,208.5413610345821,Overstock
2026,3,Ivadin,67,8211.0,23,23.0,232.8897050647236,291.1121313309045,Overstock
2026,4,Ivadin,67,8211.0,23,23.0,-216.78654484538683,-270.98318105673354,Overstock
2026,1,K-1000,68,19599396.8379007,31451,30453.0,32754.623881460877,40943.2798518261,Stock-out
2026,2,K-1000,68,19599396.8379007,31451,30453.0,31195.00978908665,38993.762236358314,Stable
2026,3,K-1000,68,19599396.8379007,31451,30453.0,31261.066405323705,39076.33300665463,Stable
2026,4,K-1000,68,19599396.8379007,31451,30453.0,30708.11649774852,38385.14562218565,Stable
2026,1,K-1000 Plus,69,1580570.53440002,6290,7973.0,6263.445751018385,7829.307188772981,Overstock
2026,2,K-1000 Plus,69,1580570.53440002,6290,7973.0,6124.33419085515,7655.417738568938,Overstock
2026,3,K-1000 Plus,69,1580570.53440002,6290,7973.0,6190.390807092208,7737.98850886526,Overstock
2026,4,K-1000 Plus,69,1580570.53440002,6290,7973.0,5637.440899517019,7046.801124396274,Overstock
2026,1,Kalsob,70,34727132.7554956,55915,54243.0,57080.96137098186,71351.20171372732,Stock-out
2026,2,Kalsob,70,34727132.7554956,55915,54243.0,52176.52314805959,65220.653935074486,Stock-out
2026,3,Kalsob,70,34727132.7554956,55915,54243.0,52771.69494929396,65964.61868661745,Stock-out
2026,4,Kalsob,70,34727132.7554956,55915,54243.0,51782.79647418018,64728.49559272522,Stock-out
2026,1,Klevra,71,11550438.2309999,11641,8554.0,10932.525707607332,13665.657134509165,Stock-out
2026,2,Klevra,71,11550438.2309999,11641,8554.0,10767.454281348992,13459.317851686239,Stock-out
2026,3,Klevra,71,11550438.2309999,11641,8554.0,10833.510897586051,13541.888621982564,Stock-out
2026,4,Klevra,71,11550438.2309999,11641,8554.0,10280.560990010857,12850.701237513571,Stable
2026,1,Klevra XR,72,581265.7,1034,788.0,1063.154798734611,1328.9434984182637,Stock-out
2026,2,Klevra XR,72,581265.7,1034,788.0,924.043238571376,1155.05404821422,Stable
2026,3,Klevra XR,72,581265.7,1034,788.0,990.099854808434,1237.6248185105424,Stock-out
2026,4,Klevra XR,72,581265.7,1034,788.0,437.149947233245,546.4374340415562,Overstock
2026,1,LACTEUS 2,74,1193.25,1,1.0,36.530665927644804,45.663332409556006,Stock-out
2026,2,LACTEUS 2,74,1193.25,1,1.0,176.7867299685342,220.98341246066775,Stock-out
2026,3,LACTEUS 2,74,1193.25,1,1.0,242.84334620559213,303.55418275699014,Stock-out
2026,4,LACTEUS 2,74,1193.25,1,1.0,-206.8329037045183,-258.54112963064784,Overstock
2026,1,LACTEUS AR,76,31746.0,24,1.0,36.530665927644804,45.663332409556006,Stock-out
2026,2,LACTEUS AR,76,31746.0,24,1.0,176.7867299685342,220.98341246066775,Stock-out
2026,3,LACTEUS AR,76,31746.0,24,1.0,242.84334620559213,303.55418275699014,Stock-out
2026,4,LACTEUS AR,76,31746.0,24,1.0,-206.8329037045183,-258.54112963064784,Overstock
2026,1,LACTEUS GROW 3,77,1193.25,1,12.0,36.530665927644804,45.663332409556006,Overstock
2026,2,LACTEUS GROW 3,77,1193.25,1,12.0,176.7867299685342,220.98341246066775,Stock-out
2026,3,LACTEUS GROW 3,77,1193.25,1,12.0,242.84334620559213,303.55418275699014,Stock-out
2026,4,LACTEUS GROW 3,77,1193.25,1,12.0,-206.8329037045183,-258.54112963064784,Overstock
2026,1,LIMITROL,80,382.5,3,10.0,36.530665927644804,45.663332409556006,Stock-out
2026,2,LIMITROL,80,382.5,3,10.0,176.7867299685342,220.98341246066775,Stock-out
2026,3,LIMITROL,80,382.5,3,10.0,242.84334620559213,303.55418275699014,Stock-out
2026,4,LIMITROL,80,382.5,3,10.0,-206.8329037045183,-258.54112963064784,Overstock
2026,1,Lowplat,81,92183643.5847069,403403,366569.0,394970.5990780747,493713.2488475933,Stable
2026,2,Lowplat,81,92183643.5847069,403403,366569.0,389667.6924133232,487084.615516654,Stable
2026,3,Lowplat,81,92183643.5847069,403403,366569.0,391350.6606579889,489188.32582248613,Stable
2026,4,Lowplat,81,92183643.5847069,403403,366569.0,381960.189063164,477450.236328955,Stable
2026,1,Lowplat Plus,82,121618286.66434,482060,437474.0,440216.6229149983,550270.7786437479,Stable
2026,2,Lowplat Plus,82,121618286.66434,482060,437474.0,435754.82720565534,544693.5340070692,Stable
2026,3,Lowplat Plus,82,121618286.66434,482060,437474.0,437437.79545032105,546797.2443129013,Stable
2026,4,Lowplat Plus,82,121618286.66434,482060,437474.0,430284.7802730787,537855.9753413484,Stable
2026,1,MFIT,83,21969.36,18,7.0,36.530665927644804,45.663332409556006,Stock-out
2026,2,MFIT,83,21969.36,18,7.0,176.7867299685342,220.98341246066775,Stock-out
2026,3,MFIT,83,21969.36,18,7.0,242.84334620559213,303.55418275699014,Stock-out
2026,4,MFIT,83,21969.36,18,7.0,-206.8329037045183,-258.54112963064784,Overstock
2026,1,Momist Nasal Spray,85,6894055.305,11826,11762.0,11278.063498573652,14097.579373217066,Stable
2026,2,Momist Nasal Spray,85,6894055.305,11826,11762.0,11112.992072315312,13891.24009039414,Stable
2026,3,Momist Nasal Spray,85,6894055.305,11826,11762.0,11179.048688552371,13973.810860690464,Stable
2026,4,Momist Nasal Spray,85,6894055.305,11826,11762.0,10626.098780977178,13282.623476221472,Stable
2026,1,NEBULIZERS,86,64219.1086,18,1.0,273.4009816328679,341.7512270410849,Stock-out
2026,2,NEBULIZERS,86,64219.1086,18,1.0,176.7867299685342,220.98341246066775,Stock-out
2026,3,NEBULIZERS,86,64219.1086,18,1.0,242.84334620559213,303.55418275699014,Stock-out
2026,4,NEBULIZERS,86,64219.1086,18,1.0,-206.8329037045183,-258.54112963064784,Overstock
2026,1,Neo Q 10,89,4021573.68639995,3623,3294.0,4183.639080752614,5229.548850940768,Stock-out
2026,2,Neo Q 10,89,4021573.68639995,3623,3294.0,4044.527520589378,5055.659400736723,Stable
2026,3,Neo Q 10,89,4021573.68639995,3623,3294.0,4110.584136826437,5138.230171033047,Stock-out
2026,4,Neo Q 10,89,4021573.68639995,3623,3294.0,3557.634229251246,4447.042786564058,Stable
2026,1,Nise,90,71080081.1810281,274196,270476.0,276640.4042068248,345800.50525853096,Stable
2026,2,Nise,90,71080081.1810281,274196,270476.0,273853.39716258354,342316.74645322945,Stable
2026,3,Nise,90,71080081.1810281,274196,270476.0,275536.36540724925,344420.45675906155,Stable
2026,4,Nise,90,71080081.1810281,274196,270476.0,269525.08664430754,336906.3583053844,Stable
2026,1,Omron BPM,91,33570330.6080999,4438,4327.0,6064.39637581798,7580.495469772475,Stock-out
2026,2,Omron BPM,91,33570330.6080999,4438,4327.0,5801.941619499544,7252.4270243744295,Stock-out
2026,3,Omron BPM,91,33570330.6080999,4438,4327.0,5867.998235736602,7334.997794670752,Stock-out
2026,4,Omron BPM,91,33570330.6080999,4438,4327.0,5315.048328161412,6643.810410201766,Stock-out
2026,1,Omron BPM Wrist,92,437631.98,50,20.0,441.71046711637854,552.1380838954732,Stock-out
2026,2,Omron BPM Wrist,92,437631.98,50,20.0,302.59890695314306,378.24863369142884,Stock-out
2026,3,Omron BPM Wrist,92,437631.98,50,20.0,368.65552319020105,460.81940398775134,Stock-out
2026,4,Omron BPM Wrist,92,437631.98,50,20.0,-184.29438438498875,-230.36798048123592,Overstock
2026,1,Omron ETB,93,394847.6604,280,276.0,509.8802179938591,637.3502724923239,Stock-out
2026,2,Omron ETB,93,394847.6604,280,276.0,370.7686578306234,463.46082228827925,Stock-out
2026,3,Omron ETB,93,394847.6604,280,276.0,436.8252740676814,546.0315925846018,Stock-out
2026,4,Omron ETB,93,394847.6604,280,276.0,-116.12463350750821,-145.15579188438525,Overstock
2026,1,Omron Nebulizer,94,827707.1918,62,181.0,824.2761522212146,1030.3451902765182,Stock-out
2026,2,Omron Nebulizer,94,827707.1918,62,181.0,685.1645920579788,856.4557400724734,Stock-out
2026,3,Omron Nebulizer,94,827707.1918,62,181.0,751.2212082950368,939.026510368796,Stock-out
2026,4,Omron Nebulizer,94,827707.1918,62,181.0,198.27130071984746,247.83912589980932,Stock-out
2026,1,Omron Weigh Scale,95,228308.4622,41,41.0,273.4009816328679,341.7512270410849,Stock-out
2026,2,Omron Weigh Scale,95,228308.4622,41,41.0,176.7867299685342,220.98341246066775,Stock-out
2026,3,Omron Weigh Scale,95,228308.4622,41,41.0,242.84334620559213,303.55418275699014,Stock-out
2026,4,Omron Weigh Scale,95,228308.4622,41,41.0,-206.8329037045183,-258.54112963064784,Overstock
2026,1,Onita,96,16659500.2,14130,12316.0,13935.435295775182,17419.294119718976,Stable
2026,2,Onita,96,16659500.2,14130,12316.0,13470.744135946617,16838.430169933272,Stable
2026,3,Onita,96,16659500.2,14130,12316.0,13536.800752183677,16921.0009402296,Stable
2026,4,Onita,96,16659500.2,14130,12316.0,12983.850844608483,16229.813555760604,Stable
2026,1,Opt-D,97,40296389.1180958,174460,174909.0,170494.9489017894,213118.68612723675,Stable
2026,2,Opt-D,97,40296389.1180958,174460,174909.0,168267.83733448607,210334.7966681076,Stable
2026,3,Opt-D,97,40296389.1180958,174460,174909.0,168034.15125980778,210042.68907475972,Stable
2026,4,Opt-D,97,40296389.1180958,174460,174909.0,165027.41452246194,206284.26815307743,Stable
2026,1,Orslim,98,68472088.9285,31511,32710.0,34573.95536151198,43217.44420188997,Stock-out
2026,2,Orslim,98,68472088.9285,31511,32710.0,33442.73430282963,41803.41787853704,Stable
2026,3,Orslim,98,68472088.9285,31511,32710.0,34069.49510695264,42586.868883690804,Stable
2026,4,Orslim,98,68472088.9285,31511,32710.0,33336.08467673682,41670.105845921025,Stable
2026,1,Oxivort,99,2409.75,7,60.0,36.530665927644804,45.663332409556006,Overstock
2026,2,Oxivort,99,2409.75,7,60.0,176.7867299685342,220.98341246066775,Overstock
2026,3,Oxivort,99,2409.75,7,60.0,242.84334620559213,303.55418275699014,Overstock
2026,4,Oxivort,99,2409.75,7,60.0,-206.8329037045183,-258.54112963064784,Overstock
2026,1,Paridopa,101,12178653.294,7653,6466.0,7796.70264582606,9745.878307282575,Stock-out
2026,2,Paridopa,101,12178653.294,7653,6466.0,7657.591085662825,9571.988857078532,Stock-out
2026,3,Paridopa,101,12178653.294,7653,6466.0,7723.647701899883,9654.559627374854,Stock-out
2026,4,Paridopa,101,12178653.294,7653,6466.0,7170.697794324694,8963.372242905867,Stock-out
2026,1,Phytus,102,1556337.78,3949,3394.0,3415.6339408771123,4269.54242609639,Stable
2026,2,Phytus,102,1556337.78,3949,3394.0,3276.522380713878,4095.652975892348,Stable
2026,3,Phytus,102,1556337.78,3949,3394.0,3342.578996950937,4178.223746188671,Stable
2026,4,Phytus,102,1556337.78,3949,3394.0,2789.629089375747,3487.0363617196836,Overstock
2026,1,REKLAIM,103,501.28,1,1.0,36.530665927644804,45.663332409556006,Overstock
2026,2,REKLAIM,103,501.28,1,1.0,176.7867299685342,220.98341246066775,Overstock
2026,3,REKLAIM,103,501.28,1,1.0,242.84334620559213,303.55418275699014,Stable
2026,4,REKLAIM,103,501.28,1,1.0,-206.8329037045183,-258.54112963064784,Overstock
2026,1,Ramipace,104,32319111.3626017,56251,52320.0,56440.99343305258,70551.24179131573,Stable
2026,2,Ramipace,104,32319111.3626017,56251,52320.0,51536.55521013031,64420.69401266289,Stable
2026,3,Ramipace,104,32319111.3626017,56251,52320.0,52131.72701136468,65164.65876420585,Stable
2026,4,Ramipace,104,32319111.3626017,56251,52320.0,51142.8285362509,63928.53567031362,Stable
2026,1,Redexa,105,2322095.3225,3600,3583.0,3980.4991234104655,4975.623904263082,Overstock
2026,2,Redexa,105,2322095.3225,3600,3583.0,3841.3875632472295,4801.734454059037,Overstock
2026,3,Redexa,105,2322095.3225,3600,3583.0,3907.4441794842883,4884.30522435536,Overstock
2026,4,Redexa,105,2322095.3225,3600,3583.0,3354.4942719090977,4193.117839886372,Overstock
2026,1,Retzole,106,3401220.6,2378,1571.0,3371.529657326891,4214.412071658614,Stock-out
2026,2,Retzole,106,3401220.6,2378,1571.0,3232.4180971636565,4040.5226214545705,Stock-out
2026,3,Retzole,106,3401220.6,2378,1571.0,3298.4747134007152,4123.093391750894,Stock-out
2026,4,Retzole,106,3401220.6,2378,1571.0,2745.524805825525,3431.9060072819066,Stable
2026,1,Revolic,107,547397.345600003,1009,1146.0,992.1036929675562,1240.1296162094452,Overstock
2026,2,Revolic,107,547397.345600003,1009,1146.0,852.9921328043213,1066.2401660054015,Overstock
2026,3,Revolic,107,547397.345600003,1009,1146.0,919.0487490413793,1148.8109363017243,Overstock
2026,4,Revolic,107,547397.345600003,1009,1146.0,366.0988414661899,457.6235518327374,Overstock
2026,1,SPEDICAM,110,127.08,1,6.0,36.530665927644804,45.663332409556006,Stock-out
2026,2,SPEDICAM,110,127.08,1,6.0,176.7867299685342,220.98341246066775,Stock-out
2026,3,SPEDICAM,110,127.08,1,6.0,242.84334620559213,303.55418275699014,Stock-out
2026,4,SPEDICAM,110,127.08,1,6.0,-206.8329037045183,-258.54112963064784,Overstock
2026,1,Sacvin,111,58267986.2714897,41901,35868.0,36944.72591680482,46180.90739600602,Stock-out
2026,2,Sacvin,111,58267986.2714897,41901,35868.0,39741.2918251003,49676.61478137538,Stock-out
2026,3,Sacvin,111,58267986.2714897,41901,35868.0,40187.59210658268,50234.49013322835,Stock-out
2026,4,Sacvin,111,58267986.2714897,41901,35868.0,39358.6682256241,49198.33528203012,Stock-out
2026,1,SheVit,112,10680234.9892996,21593,20087.0,21537.777643137033,26922.22205392129,Stock-out
2026,2,SheVit,112,10680234.9892996,21593,20087.0,21318.56456341969,26648.205704274616,Stock-out
2026,3,SheVit,112,10680234.9892996,21593,20087.0,21384.621179656748,26730.776474570936,Stock-out
2026,4,SheVit,112,10680234.9892996,21593,20087.0,20831.671272081563,26039.589090101952,Stock-out
2026,1,Sparliv,113,4028615.05460016,5105,4890.0,5092.551883758712,6365.68985469839,Stable
2026,2,Sparliv,113,4028615.05460016,5105,4890.0,4953.440323595478,6191.800404494347,Stable
2026,3,Sparliv,113,4028615.05460016,5105,4890.0,5019.496939832536,6274.371174790669,Stable
2026,4,Sparliv,113,4028615.05460016,5105,4890.0,4466.5470322573465,5583.183790321683,Stable
2026,1,Stevo,114,319235.276800001,751,1003.0,563.670790187052,704.5884877338151,Overstock
2026,2,Stevo,114,319235.276800001,751,1003.0,446.29890541996093,557.8736317749511,Overstock
2026,3,Stevo,114,319235.276800001,751,1003.0,512.3555216570192,640.444402071274,Overstock
2026,4,Stevo,114,319235.276800001,751,1003.0,62.679271746908675,78.34908968363584,Overstock
2026,1,Supercran,115,302114.3748,1016,2744.0,619.5849937915186,774.4812422393983,Overstock
2026,2,Supercran,115,302114.3748,1016,2744.0,502.21310902442787,627.7663862805348,Overstock
2026,3,Supercran,115,302114.3748,1016,2744.0,568.269725261486,710.3371565768575,Overstock
2026,4,Supercran,115,302114.3748,1016,2744.0,118.59347535137528,148.24184418921908,Overstock
2026,1,Tansin,116,3242116.92460016,15622,25116.0,19938.00615561064,24922.5076945133,Stable
2026,2,Tansin,116,3242116.92460016,15622,25116.0,19181.204779457436,23976.505974321793,Stable
2026,3,Tansin,116,3242116.92460016,15622,25116.0,19247.26139569449,24059.076744618113,Stable
2026,4,Tansin,116,3242116.92460016,15622,25116.0,18694.311488119307,23367.889360149133,Stable
2026,1,Telsarta,117,9037354.43499999,33779,32057.0,33488.83519675454,41861.043995943175,Stable
2026,2,Telsarta,117,9037354.43499999,33779,32057.0,31608.55447788553,39510.69309735691,Stable
2026,3,Telsarta,117,9037354.43499999,33779,32057.0,31674.611094122585,39593.26386765323,Stable
2026,4,Telsarta,117,9037354.43499999,33779,32057.0,31121.6611865474,38902.07648318425,Stable
2026,1,Telsarta-A,118,22501391.9534002,54335,50942.0,53634.49062841601,67043.11328552001,Stable
2026,2,Telsarta-A,118,22501391.9534002,54335,50942.0,51106.81704633947,63883.52130792434,Stable
2026,3,Telsarta-A,118,22501391.9534002,54335,50942.0,51701.98884757384,64627.4860594673,Stable
2026,4,Telsarta-A,118,22501391.9534002,54335,50942.0,50713.09037246006,63391.36296557507,Stable
2026,1,Telsarta-D,119,8141780.33,16786,16216.0,17067.785427533738,21334.73178441717,Stable
2026,2,Telsarta-D,119,8141780.33,16786,16216.0,16200.617759345007,20250.772199181258,Stable
2026,3,Telsarta-D,119,8141780.33,16786,16216.0,16266.674375582066,20333.342969477584,Stable
2026,4,Telsarta-D,119,8141780.33,16786,16216.0,15713.724468006874,19642.155585008593,Stable
2026,1,Thewril,120,4866338.825,8598,8688.0,9748.31463622461,12185.393295280763,Stock-out
2026,2,Thewril,120,4866338.825,8598,8688.0,9562.485576863512,11953.106971079389,Stock-out
2026,3,Thewril,120,4866338.825,8598,8688.0,9628.542193100571,12035.677741375714,Stock-out
2026,4,Thewril,120,4866338.825,8598,8688.0,9075.592285525378,11344.490356906721,Stock-out
2026,1,Tiocap,121,6594591.975,10938,14116.0,12237.77958964237,15297.224487052963,Stable
2026,2,Tiocap,121,6594591.975,10938,14116.0,12051.950530281272,15064.938162851591,Stable
2026,3,Tiocap,121,6594591.975,10938,14116.0,12118.007146518332,15147.508933147914,Stable
2026,4,Tiocap,121,6594591.975,10938,14116.0,11565.057238943138,14456.321548678923,Stable
2026,1,Treatan,122,11337705.2127992,31773,29042.0,30575.77463799305,38219.718297491316,Stable
2026,2,Treatan,122,11337705.2127992,31773,29042.0,29016.160545618823,36270.200682023526,Stable
2026,3,Treatan,122,11337705.2127992,31773,29042.0,29082.21716185588,36352.77145231985,Stable
2026,4,Treatan,122,11337705.2127992,31773,29042.0,28529.267254280694,35661.58406785087,Stable
2026,1,Treatan-D,123,1420308.975,1698,1667.0,1940.1512800966611,2425.1891001208264,Stable
2026,2,Treatan-D,123,1420308.975,1698,1667.0,1780.282086830671,2225.3526085383387,Stable
2026,3,Treatan-D,123,1420308.975,1698,1667.0,1846.3387030677293,2307.9233788346614,Stable
2026,4,Treatan-D,123,1420308.975,1698,1667.0,1293.3887954925387,1616.7359943656734,Stable
2026,1,UFI,124,1045.5,3,101.0,57.288299030401596,71.610373788002,Overstock
2026,2,UFI,124,1045.5,3,101.0,176.7867299685342,220.98341246066775,Stable
2026,3,UFI,124,1045.5,3,101.0,242.84334620559213,303.55418275699014,Stock-out
2026,4,UFI,124,1045.5,3,101.0,-206.8329037045183,-258.54112963064784,Overstock
2026,1,UriTreat,125,1702082.5,2018,1747.0,2792.787663230057,3490.9845790375716,Stock-out
2026,2,UriTreat,125,1702082.5,2018,1747.0,2632.918469964066,3291.1480874550825,Stock-out
2026,3,UriTreat,125,1702082.5,2018,1747.0,2698.9750862011247,3373.7188577514057,Stock-out
2026,4,UriTreat,125,1702082.5,2018,1747.0,2146.0251786259346,2682.531473282418,Stable
2026,1,Vanzak,126,5260415.1164,15946,14687.0,15593.240601236712,19491.55075154589,Stable
2026,2,Vanzak,126,5260415.1164,15946,14687.0,14849.440059313485,18561.80007414186,Stable
2026,3,Vanzak,126,5260415.1164,15946,14687.0,14915.496675550545,18644.37084443818,Stable
2026,4,Vanzak,126,5260415.1164,15946,14687.0,14362.546767975351,17953.18345996919,Stable
2026,1,Vible,127,8800804.49079947,12276,11195.0,12564.2707263707,15705.338407963374,Stock-out
2026,2,Vible,127,8800804.49079947,12276,11195.0,12078.821933439378,15098.527416799223,Stock-out
2026,3,Vible,127,8800804.49079947,12276,11195.0,12144.878549676438,15181.098187095547,Stock-out
2026,4,Vible,127,8800804.49079947,12276,11195.0,11591.928642101244,14489.910802626555,Stock-out
2026,1,Voxamine,128,8093658.77440047,18052,16843.0,17378.723793077723,21723.404741347153,Stable
2026,2,Voxamine,128,8093658.77440047,18052,16843.0,16511.556124888994,20639.445156111244,Stable
2026,3,Voxamine,128,8093658.77440047,18052,16843.0,16607.59844266427,20759.49805333034,Stable
2026,4,Voxamine,128,8093658.77440047,18052,16843.0,16054.648535089082,20068.31066886135,Stable
2026,1,X-Plended,129,193289359.963021,450434,417991.0,437226.86023346684,546533.5752918336,Stable
2026,2,X-Plended,129,193289359.963021,450434,417991.0,432447.2024062523,540559.0030078155,Stable
2026,3,X-Plended,129,193289359.963021,450434,417991.0,433450.8221187314,541813.5276484143,Stable
2026,4,X-Plended,129,193289359.963021,450434,417991.0,424717.8286968266,530897.2858710332,Stable
2026,1,X-Plended EZ,130,30804289.9005016,76657,63220.0,71498.44602330067,89373.05752912583,Stock-out
2026,2,X-Plended EZ,130,30804289.9005016,76657,63220.0,66594.00780037841,83242.50975047302,Stock-out
2026,3,X-Plended EZ,130,30804289.9005016,76657,63220.0,67219.165303151,84023.95662893876,Stock-out
2026,4,X-Plended EZ,130,30804289.9005016,76657,63220.0,66230.26682803722,82787.83353504652,Stock-out
2026,1,Xcept,131,49731722.6494952,93581,88894.0,97825.49810525386,122281.87263156733,Stable
2026,2,Xcept,131,49731722.6494952,93581,88894.0,90714.58963436414,113393.23704295517,Stable
2026,3,Xcept,131,49731722.6494952,93581,88894.0,93587.50379612144,116984.3797451518,Stable
2026,4,Xcept,131,49731722.6494952,93581,88894.0,91907.5608337581,114884.45104219763,Stable
2026,1,Xilica,132,14959912.9768022,36843,35094.0,36169.6020044569,45212.00250557113,Stable
2026,2,Xilica,132,14959912.9768022,36843,35094.0,34507.33034925955,43134.16293657444,Stable
2026,3,Xilica,132,14959912.9768022,36843,35094.0,34603.372667034826,43254.21583379353,Stable
2026,4,Xilica,132,14959912.9768022,36843,35094.0,34050.42275945964,42563.02844932455,Stable
2026,1,Zibes,134,7615233.05419918,55641,48023.0,49276.95330232271,61596.19162790339,Stock-out
2026,2,Zibes,134,7615233.05419918,55641,48023.0,46868.37870695613,58585.473383695164,Stock-out
2026,3,Zibes,134,7615233.05419918,55641,48023.0,47493.53620972872,59366.9202621609,Stock-out
2026,4,Zibes,134,7615233.05419918,55641,48023.0,46664.61232877014,58330.765410962675,Stock-out
2026,1,Zilero,135,2061201.55,2543,2453.0,3237.8966125315624,4047.370765664453,Stock-out
2026,2,Zilero,135,2061201.55,2543,2453.0,3078.0274192655716,3847.534274081964,Stock-out
2026,3,Zilero,135,2061201.55,2543,2453.0,3174.069737040854,3967.5871713010674,Stock-out
2026,4,Zilero,135,2061201.55,2543,2453.0,2621.1198294656638,3276.39978683208,Stock-out
2026,1,Zilfom,136,958109.1625,2152,3427.0,2060.9983274406045,2576.2479093007555,Overstock
2026,2,Zilfom,136,958109.1625,2152,3427.0,1901.1291341746132,2376.4114177182664,Overstock
2026,3,Zilfom,136,958109.1625,2152,3427.0,1997.1714519498953,2496.464314937369,Overstock
2026,4,Zilfom,136,958109.1625,2152,3427.0,1444.2215443747057,1805.276930468382,Overstock
2026,1,Zoltar,137,7744474.98920025,34808,39595.0,40775.76671555603,50969.708394445035,Stable
2026,2,Zoltar,137,7744474.98920025,34808,39595.0,38896.30730518676,48620.38413148345,Stable
2026,3,Zoltar,137,7744474.98920025,34808,39595.0,38992.349622962036,48740.437028702545,Stable
2026,4,Zoltar,137,7744474.98920025,34808,39595.0,38163.425742003456,47704.28217750432,Stable
